<?xml version="1.0" encoding="UTF-8" standalone="no"?>
<categorias>
    <categoria nombre="Ropa de Hombre">
        <producto>
            <nombre>Camisa a rayas</nombre>
            <precio>35.99</precio>
            <descripcion>Camisa elegante de algodón con rayas blancas y azules, perfecta para ocasiones formales o informales.</descripcion>
        </producto>
        <producto>
            <nombre>Pantalones Vaqueros</nombre>
            <precio>49.95</precio>
            <descripcion>Pantalones vaqueros de corte recto, ideales para cualquier ocasión. Hechos con denim de alta calidad.</descripcion>
        </producto>
        <producto>
            <nombre>Calcetines Deportivos</nombre>
            <precio>12.75</precio>
            <descripcion>Calcetines deportivos transpirables, perfectos para correr, hacer ejercicio o simplemente para uso diario.</descripcion>
        </producto>
    </categoria>
    <categoria nombre="Ropa de Mujer">
        <producto>
            <nombre>Vestido Floral</nombre>
            <precio>79.50</precio>
            <descripcion>Vestido ligero y cómodo con estampado floral. Ideal para eventos de primavera y verano.</descripcion>
        </producto>
        <producto>
            <nombre>Bufanda de Lana</nombre>
            <precio>18.00</precio>
            <descripcion>Bufanda suave y abrigada tejida con lana de alta calidad. Disponible en varios colores.</descripcion>
        </producto>
        <producto>
            <nombre>Pantalón de Yoga</nombre>
            <precio>29.99</precio>
            <descripcion>Pantalón de yoga elástico y transpirable, perfecto para practicar yoga, pilates o simplemente relajarse en casa.</descripcion>
        </producto>
    </categoria>
    <categoria nombre="Ropa Deportiva">
        <producto>
            <nombre>Camiseta Técnica</nombre>
            <precio>15.50</precio>
            <descripcion>Camiseta técnica de secado rápido, ideal para entrenamientos intensos. Material ligero y transpirable.</descripcion>
        </producto>
        <producto>
            <nombre>Mallas de Compresión</nombre>
            <precio>22.99</precio>
            <descripcion>Mallas de compresión que proporcionan soporte muscular y mejoran la circulación sanguínea durante el ejercicio.</descripcion>
        </producto>
    </categoria>
</categorias>
